
-- Database Backup --
-- Ver. : 1.0.1
-- Host : Server Host
-- Generating Time : Oct 25, 2023 at 02:56:48:AM


CREATE TABLE `bayar` (
  `id_bayar` int(10) NOT NULL AUTO_INCREMENT,
  `id_siswa` int(10) NOT NULL,
  `id_bayar_metode` varchar(100) NOT NULL,
  `keterangan` text NOT NULL,
  `bukti` varchar(100) NOT NULL,
  `status_verifikasi` varchar(100) NOT NULL,
  `nominal_bayar` int(17) NOT NULL,
  `tanggal_bayar` date NOT NULL,
  `dibuat_pada` datetime NOT NULL DEFAULT current_timestamp(),
  `diubah_pada` datetime NOT NULL DEFAULT current_timestamp(),
  `dihapus_pada` datetime DEFAULT NULL,
  PRIMARY KEY (`id_bayar`)
) ENGINE=InnoDB AUTO_INCREMENT=21 DEFAULT CHARSET=utf8mb4;

INSERT INTO bayar VALUES
("1","15","1","bca","2023_10_12_05_28_19_1f0e6f86cad1a1aee369fd544f531d90.jpg","Sudah Verifikasi","446000","2023-10-12","2023-10-12 11:28:19","2023-10-12 11:28:19",""),
("2","15","1","BCA","2023_10_12_05_37_02_81ce4d33c3ab96bd7dd2a8631974babf.jpg","Sudah Verifikasi","2000000","2023-10-12","2023-10-12 11:37:02","2023-10-12 11:37:02",""),
("3","15","1","bca","2023_10_17_04_47_22_Domino’s Knocks 50 Percent Off All Online Pizza Orders.jpeg","Sudah Verifikasi","500000","2023-10-17","2023-10-17 10:47:22","2023-10-17 10:47:22",""),
("4","10","1","bca","2023_10_19_05_29_56_27e6ea59554a1ad0e33f41378aea0496.jpg","Sudah Verifikasi","500000","2023-10-25","2023-10-19 11:29:56","2023-10-19 11:29:56",""),
("5","16","1","bca","2023_10_19_05_31_18_ad3436b8a19c959da7e613d7f4e47912.jpg","Sudah Verifikasi","1000000","2023-10-26","2023-10-19 11:31:18","2023-10-19 11:31:18",""),
("6","13","1","bca","2023_10_19_05_32_04_3205a54c6c0f3f2e329411003d1a8e6b.jpg","Sudah Verifikasi","1500000","2023-10-28","2023-10-19 11:32:04","2023-10-19 11:32:04",""),
("7","9","1","bca","2023_10_19_05_32_55_8693f9dd527a331190f6efd50ec72487.jpg","Sudah Verifikasi","1000000","2023-10-29","2023-10-19 11:32:55","2023-10-19 11:32:55",""),
("8","22","1","gopay","2023_10_19_05_34_29_cba6bf95020322fb797aad5ec8629690.jpg","Sudah Verifikasi","500000","2023-10-30","2023-10-19 11:34:29","2023-10-19 11:34:29",""),
("9","11","1","bca","2023_10_19_05_35_38_0c1f2a2f264642f323ca168cc80734f0.jpg","Sudah Verifikasi","1000000","2023-09-04","2023-10-19 11:35:38","2023-10-19 11:35:38",""),
("10","21","1","bca","2023_10_19_05_36_23_1a87438e5f52a3fdac2872039cf14e21.jpg","Sudah Verifikasi","1000000","2023-10-05","2023-10-19 11:36:23","2023-10-19 11:36:23",""),
("11","20","1","gopay","2023_10_19_05_37_54_64f09776b6c62930b01b10db3542ae2d.jpg","Sudah Verifikasi","1000000","2023-09-06","2023-10-19 11:37:54","2023-10-19 11:37:54",""),
("12","25","1","gopay","2023_10_19_05_39_10_c85984cd497fa4611c1c486e3b9afc9f.jpg","Sudah Verifikasi","1000000","2023-09-08","2023-10-19 11:39:10","2023-10-19 11:39:10",""),
("13","17","1","bca","2023_10_19_05_40_01_200744b11e097faf447de4985eb1bb1a.jpg","Sudah Verifikasi","1500000","2023-09-10","2023-10-19 11:40:01","2023-10-19 11:40:01",""),
("14","18","1","bca","2023_10_19_05_40_52_e1ee6a2639d5ef45aa9dbfc949a329a9.jpg","Sudah Verifikasi","1000000","2023-09-12","2023-10-19 11:40:52","2023-10-19 11:40:52",""),
("15","12","1","bca","2023_10_19_05_42_29_bd7014d7daa2bc08dd9db49d360ba84f.jpg","Sudah Verifikasi","500000","2023-09-14","2023-10-19 11:42:29","2023-10-19 11:42:29",""),
("16","19","1","gopay","2023_10_19_05_43_42_da6f382839cac80c48ef9e3f433757a7.jpg","Sudah Verifikasi","1500000","2023-09-16","2023-10-19 11:43:42","2023-10-19 11:43:42",""),
("17","23","1","bca","2023_10_19_05_44_31_fbd45de13b135b972c3a4d8481783d0e.jpg","Sudah Verifikasi","1000000","2023-09-18","2023-10-19 11:44:31","2023-10-19 11:44:31",""),
("18","24","1","bca","2023_10_19_05_45_11_cf030cfe58a30fd3ba238baa21c6b6e3.jpg","Sudah Verifikasi","1000000","2023-10-20","2023-10-19 11:45:11","2023-10-19 11:45:11",""),
("19","14","1","bca","2023_10_19_05_46_14_e491f305684326b27c08051da459ee5e.jpg","Sudah Verifikasi","1500000","2023-10-22","2023-10-19 11:46:14","2023-10-19 11:46:14",""),
("20","26","1","bca","2023_10_19_05_47_14_WhatsApp Image 2022-04-08 at 04.30.17.jpeg","Sudah Verifikasi","1000000","2023-09-27","2023-10-19 11:47:14","2023-10-19 11:47:14","");

CREATE TABLE `bayar_alokasi` (
  `id_bayar_alokasi` int(10) NOT NULL AUTO_INCREMENT,
  `id_tagihan` int(11) NOT NULL,
  `id_bayar` int(10) NOT NULL,
  `total_alokasi` int(17) NOT NULL,
  `dialokasikan_oleh` varchar(100) NOT NULL,
  `dibuat_pada` datetime NOT NULL DEFAULT current_timestamp(),
  `diubah_pada` datetime NOT NULL DEFAULT current_timestamp(),
  `dihapus_pada` datetime DEFAULT NULL,
  PRIMARY KEY (`id_bayar_alokasi`)
) ENGINE=InnoDB AUTO_INCREMENT=58 DEFAULT CHARSET=utf8mb4;

INSERT INTO bayar_alokasi VALUES
("1","79","1","446000","Otomatis Oleh Sistem","2023-10-12 11:35:12","2023-10-12 11:35:12",""),
("2","80","2","446000","Otomatis Oleh Sistem","2023-10-12 11:38:24","2023-10-12 11:38:24",""),
("3","81","2","446000","Otomatis Oleh Sistem","2023-10-12 11:38:24","2023-10-12 11:38:24",""),
("4","82","2","1108000","Otomatis Oleh Sistem","2023-10-12 11:38:24","2023-10-12 11:38:24",""),
("5","82","3","500000","Otomatis Oleh Sistem","2023-10-17 10:47:22","2023-10-17 10:47:22",""),
("6","14","4","446000","Otomatis Oleh Sistem","2023-10-19 11:29:56","2023-10-19 11:29:56",""),
("7","15","4","54000","Otomatis Oleh Sistem","2023-10-19 11:29:56","2023-10-19 11:29:56",""),
("8","92","5","446000","Otomatis Oleh Sistem","2023-10-19 11:31:18","2023-10-19 11:31:18",""),
("9","93","5","446000","Otomatis Oleh Sistem","2023-10-19 11:31:18","2023-10-19 11:31:18",""),
("10","94","5","108000","Otomatis Oleh Sistem","2023-10-19 11:31:18","2023-10-19 11:31:18",""),
("11","53","6","446000","Otomatis Oleh Sistem","2023-10-19 11:32:04","2023-10-19 11:32:04",""),
("12","54","6","446000","Otomatis Oleh Sistem","2023-10-19 11:32:04","2023-10-19 11:32:04",""),
("13","55","6","446000","Otomatis Oleh Sistem","2023-10-19 11:32:04","2023-10-19 11:32:04",""),
("14","56","6","162000","Otomatis Oleh Sistem","2023-10-19 11:32:04","2023-10-19 11:32:04",""),
("15","1","7","446000","Otomatis Oleh Sistem","2023-10-19 11:32:55","2023-10-19 11:32:55",""),
("16","2","7","446000","Otomatis Oleh Sistem","2023-10-19 11:32:55","2023-10-19 11:32:55",""),
("17","3","7","108000","Otomatis Oleh Sistem","2023-10-19 11:32:55","2023-10-19 11:32:55",""),
("18","170","8","446000","Otomatis Oleh Sistem","2023-10-19 11:34:29","2023-10-19 11:34:29",""),
("19","171","8","54000","Otomatis Oleh Sistem","2023-10-19 11:34:29","2023-10-19 11:34:29",""),
("20","27","9","446000","Otomatis Oleh Sistem","2023-10-19 11:35:38","2023-10-19 11:35:38",""),
("21","28","9","446000","Otomatis Oleh Sistem","2023-10-19 11:35:38","2023-10-19 11:35:38",""),
("22","29","9","108000","Otomatis Oleh Sistem","2023-10-19 11:35:38","2023-10-19 11:35:38",""),
("23","157","10","446000","Otomatis Oleh Sistem","2023-10-19 11:36:23","2023-10-19 11:36:23",""),
("24","158","10","446000","Otomatis Oleh Sistem","2023-10-19 11:36:23","2023-10-19 11:36:23",""),
("25","159","10","108000","Otomatis Oleh Sistem","2023-10-19 11:36:23","2023-10-19 11:36:23",""),
("26","144","11","446000","Otomatis Oleh Sistem","2023-10-19 11:37:54","2023-10-19 11:37:54",""),
("27","145","11","446000","Otomatis Oleh Sistem","2023-10-19 11:37:54","2023-10-19 11:37:54",""),
("28","146","11","108000","Otomatis Oleh Sistem","2023-10-19 11:37:54","2023-10-19 11:37:54",""),
("29","209","12","446000","Otomatis Oleh Sistem","2023-10-19 11:39:10","2023-10-19 11:39:10",""),
("30","210","12","446000","Otomatis Oleh Sistem","2023-10-19 11:39:10","2023-10-19 11:39:10",""),
("31","211","12","108000","Otomatis Oleh Sistem","2023-10-19 11:39:10","2023-10-19 11:39:10",""),
("32","105","13","446000","Otomatis Oleh Sistem","2023-10-19 11:40:01","2023-10-19 11:40:01",""),
("33","106","13","446000","Otomatis Oleh Sistem","2023-10-19 11:40:01","2023-10-19 11:40:01",""),
("34","107","13","446000","Otomatis Oleh Sistem","2023-10-19 11:40:01","2023-10-19 11:40:01",""),
("35","108","13","162000","Otomatis Oleh Sistem","2023-10-19 11:40:01","2023-10-19 11:40:01",""),
("36","118","14","446000","Otomatis Oleh Sistem","2023-10-19 11:40:52","2023-10-19 11:40:52",""),
("37","119","14","446000","Otomatis Oleh Sistem","2023-10-19 11:40:52","2023-10-19 11:40:52",""),
("38","120","14","108000","Otomatis Oleh Sistem","2023-10-19 11:40:52","2023-10-19 11:40:52",""),
("39","40","15","446000","Otomatis Oleh Sistem","2023-10-19 11:42:29","2023-10-19 11:42:29",""),
("40","41","15","54000","Otomatis Oleh Sistem","2023-10-19 11:42:29","2023-10-19 11:42:29",""),
("41","131","16","446000","Otomatis Oleh Sistem","2023-10-19 11:43:42","2023-10-19 11:43:42",""),
("42","132","16","446000","Otomatis Oleh Sistem","2023-10-19 11:43:42","2023-10-19 11:43:42",""),
("43","133","16","446000","Otomatis Oleh Sistem","2023-10-19 11:43:42","2023-10-19 11:43:42",""),
("44","134","16","162000","Otomatis Oleh Sistem","2023-10-19 11:43:42","2023-10-19 11:43:42",""),
("45","183","17","446000","Otomatis Oleh Sistem","2023-10-19 11:44:31","2023-10-19 11:44:31",""),
("46","184","17","446000","Otomatis Oleh Sistem","2023-10-19 11:44:31","2023-10-19 11:44:31",""),
("47","185","17","108000","Otomatis Oleh Sistem","2023-10-19 11:44:31","2023-10-19 11:44:31",""),
("48","196","18","446000","Otomatis Oleh Sistem","2023-10-19 11:45:11","2023-10-19 11:45:11",""),
("49","197","18","446000","Otomatis Oleh Sistem","2023-10-19 11:45:11","2023-10-19 11:45:11",""),
("50","198","18","108000","Otomatis Oleh Sistem","2023-10-19 11:45:11","2023-10-19 11:45:11",""),
("51","66","19","446000","Otomatis Oleh Sistem","2023-10-19 11:46:14","2023-10-19 11:46:14",""),
("52","67","19","446000","Otomatis Oleh Sistem","2023-10-19 11:46:14","2023-10-19 11:46:14",""),
("53","68","19","446000","Otomatis Oleh Sistem","2023-10-19 11:46:14","2023-10-19 11:46:14",""),
("54","69","19","162000","Otomatis Oleh Sistem","2023-10-19 11:46:14","2023-10-19 11:46:14",""),
("55","222","20","446000","Otomatis Oleh Sistem","2023-10-19 11:47:14","2023-10-19 11:47:14",""),
("56","223","20","446000","Otomatis Oleh Sistem","2023-10-19 11:47:14","2023-10-19 11:47:14",""),
("57","224","20","108000","Otomatis Oleh Sistem","2023-10-19 11:47:14","2023-10-19 11:47:14","");

CREATE TABLE `bayar_metode` (
  `id_bayar_metode` int(10) NOT NULL AUTO_INCREMENT,
  `metode` varchar(100) NOT NULL,
  `nomor_rekening` varchar(100) NOT NULL,
  `dibuat_pada` datetime NOT NULL DEFAULT current_timestamp(),
  `diubah_pada` datetime NOT NULL DEFAULT current_timestamp(),
  `dihapus_pada` datetime DEFAULT NULL,
  PRIMARY KEY (`id_bayar_metode`)
) ENGINE=InnoDB AUTO_INCREMENT=3 DEFAULT CHARSET=utf8mb4;

INSERT INTO bayar_metode VALUES
("1","Transfer ke Bank BTN Rekening SMK Triatma Jaya Badung ","0055-0130-0000028\r\n","2023-09-19 08:51:13","2023-09-19 08:51:13",""),
("2","Transfer ke Bank Rekening OSIS SMK Triatma Jaya Badung","0055-0188-0000085","2023-09-19 08:51:13","2023-09-19 08:51:13","");

CREATE TABLE `biaya` (
  `id_biaya` int(10) NOT NULL AUTO_INCREMENT,
  `id_periode` int(10) NOT NULL,
  `deskripsi_biaya` varchar(100) NOT NULL,
  `jumlah_biaya` int(17) NOT NULL,
  `tanggal_jatuh_tempo` date NOT NULL,
  `tingkat` int(2) DEFAULT NULL,
  `id_jurusan` int(10) DEFAULT NULL,
  `dibuat_pada` datetime NOT NULL DEFAULT current_timestamp(),
  `diubah_pada` datetime NOT NULL DEFAULT current_timestamp(),
  `dihapus_pada` datetime DEFAULT NULL,
  PRIMARY KEY (`id_biaya`)
) ENGINE=InnoDB AUTO_INCREMENT=18 DEFAULT CHARSET=utf8mb4;

INSERT INTO biaya VALUES
("5","10","SPP Juli 2023","446000","2023-07-20","12","1","2023-08-30 11:40:54","2023-08-30 11:40:54",""),
("6","10","SPP Agustus 2023","446000","2023-08-20","12","1","2023-08-30 11:42:40","2023-08-30 11:42:40",""),
("7","10","SPP September 2023","446000","2023-09-20","12","1","2023-08-30 11:44:21","2023-08-30 11:44:21",""),
("8","10","Uang Study Tour","2500000","2023-09-22","12","1","2023-08-30 11:45:30","2023-08-30 11:45:30",""),
("9","10","SPP Oktober 2023","446000","2023-10-20","12","1","2023-08-30 11:46:35","2023-08-30 11:46:35",""),
("10","10","SPP November 2023","446000","2023-11-20","12","1","2023-08-30 11:47:47","2023-08-30 11:47:47",""),
("11","10","SPP Desember 2023","446000","2023-12-20","12","1","2023-08-30 11:49:09","2023-08-30 11:49:09",""),
("12","10","SPP Januari 2024","446000","2024-01-20","12","1","2023-08-30 11:49:49","2023-08-30 11:49:49",""),
("13","10","SPP Februari 2024","446000","2024-02-20","12","1","2023-08-30 11:50:54","2023-08-30 11:50:54",""),
("14","10","SPP Maret 2024","446000","2024-03-20","12","1","2023-08-30 11:51:22","2023-08-30 11:51:22",""),
("15","10","SPP April 2023","446000","2024-04-20","12","1","2023-08-30 11:52:45","2023-08-30 11:52:45",""),
("16","10","SPP Mei 2024","446000","2024-05-20","12","1","2023-08-30 11:53:34","2023-08-30 11:53:34",""),
("17","10","SPP Juni 2024","446000","2024-06-20","12","1","2023-08-30 11:54:46","2023-08-30 11:54:46","");

CREATE TABLE `jurusan` (
  `id_jurusan` int(10) NOT NULL AUTO_INCREMENT,
  `jurusan` varchar(100) NOT NULL,
  `dibuat_pada` datetime NOT NULL DEFAULT current_timestamp(),
  `dirubah_pada` datetime NOT NULL DEFAULT current_timestamp(),
  `dihapus_pada` int(11) DEFAULT NULL,
  PRIMARY KEY (`id_jurusan`)
) ENGINE=InnoDB AUTO_INCREMENT=5 DEFAULT CHARSET=utf8mb4;

INSERT INTO jurusan VALUES
("1","Pengembangan Perangkat Lunak dan Game","2023-09-05 08:31:56","2023-09-05 08:31:56",""),
("2","Tata Boga","2023-09-05 08:31:56","2023-09-05 08:31:56",""),
("3","Perhotelan","2023-09-05 08:31:56","2023-09-05 08:31:56",""),
("4","Tata Kecantikan","2023-09-05 08:31:56","2023-09-05 08:31:56","");

CREATE TABLE `periode` (
  `id_periode` int(10) NOT NULL AUTO_INCREMENT,
  `periode` varchar(100) NOT NULL,
  `tanggal_awal` date NOT NULL,
  `tanggal_ahkir` date NOT NULL,
  `dibuat_pada` datetime NOT NULL DEFAULT current_timestamp(),
  `diubah_pada` datetime NOT NULL DEFAULT current_timestamp(),
  `dihapus_pada` datetime DEFAULT NULL,
  PRIMARY KEY (`id_periode`)
) ENGINE=InnoDB AUTO_INCREMENT=12 DEFAULT CHARSET=utf8mb4;

INSERT INTO periode VALUES
("8","Tahun Ajar 2021/2022","2021-01-07","2022-06-30","2023-08-29 11:59:54","2023-08-29 11:59:54",""),
("9","Tahun Ajar 2022/2023","2022-01-07","2023-06-30","2023-08-29 12:01:15","2023-08-29 12:01:15",""),
("10","Tahun Ajar 2023/2024","2023-01-07","2024-06-30","2023-08-29 12:01:38","2023-08-29 12:01:38",""),
("11","Tahun Ajar 2024/2025","2024-01-07","2025-06-30","2023-08-29 12:02:10","2023-08-29 12:02:10","");

CREATE TABLE `siswa` (
  `id_siswa` int(10) NOT NULL AUTO_INCREMENT,
  `nis` varchar(20) NOT NULL,
  `nama` varchar(200) NOT NULL,
  `kelas` varchar(50) NOT NULL,
  `tingkat` int(2) NOT NULL,
  `id_jurusan` int(10) NOT NULL,
  `alamat` text NOT NULL,
  `no_hp` varchar(25) NOT NULL,
  `email` varchar(50) NOT NULL,
  `dibuat_pada` datetime NOT NULL DEFAULT current_timestamp(),
  `diubah_pada` datetime NOT NULL DEFAULT current_timestamp(),
  `dihapus_pada` datetime DEFAULT NULL,
  PRIMARY KEY (`id_siswa`)
) ENGINE=InnoDB AUTO_INCREMENT=42 DEFAULT CHARSET=utf8mb4;

INSERT INTO siswa VALUES
("2","1234","fibri","12","0","0","dfb","1234567","asdf@gmail.com","2023-08-23 12:06:40","2023-08-23 12:06:40","2023-08-23 13:20:26"),
("3","111","fibri","12","0","0","dfb","1234567","asdf@gmail.com","2023-08-23 12:34:14","2023-08-23 12:34:14","2023-09-05 07:50:11"),
("4","1234","fibri","12","0","0","dfb","1234567","asdf@gmail.com","2023-08-23 12:35:26","2023-08-23 12:35:26","2023-09-05 07:50:14"),
("5","1234","perel","12","0","0","dfb","1234567","asdf@gmail.com","2023-08-23 12:40:13","2023-08-23 12:40:13","2023-09-05 07:50:19"),
("6","1234","yehuda","12","0","0","dfgh","1234567","asdf@gmail.com","2023-08-23 12:41:17","2023-08-23 12:41:17","2023-09-05 07:50:22"),
("7","1234","yehuda","12","0","0","asd","1234567","asdf@gmail.com","2023-08-23 13:05:33","2023-08-23 13:05:33","2023-09-05 07:50:26"),
("9","4957","NASYWA RAMADHANI","XII PPLG","12","1","Jln Merpati Gang Jalak Bali No 12 A Monang Maning","085857972058","rnasywa321@gmail.com","2023-09-05 07:53:04","2023-09-05 07:53:04",""),
("10","4961","NI LUH CHELSEA WIDYADARI","XII PPLG","12","1","Tibubeneng, Canggu","087734632004","Chelsea@gmail.com","2023-09-05 07:54:31","2023-09-05 07:54:31",""),
("11","4962","NI LUH PUTU DIAH MARTIANI","XII PPLG","12","1","Dalung Permai Br Blubuh Sari","0895394536866","piscesgim@gmail.com","2023-09-05 07:55:51","2023-09-05 07:55:51",""),
("12","4963","NI PUTU NIA PRADNYA OKTAVIANI","XII PPLG","12","1","Jln Raya Tanah Lot, Banjar Dukuh, Desa Beraban, Kecamatan Kediri Kabupaten Tanah Lot","089508466041","niaapradnyaanipt@gmail.com","2023-09-05 07:57:14","2023-09-05 07:57:14",""),
("13","4956","KOMANG RISMA TRI PRADNYANI","XII PPLG","12","1","Dalung Permai, GG.III/VV 134, Lingk.Tegal Sari","085792958529","praddonlyrsmaa@gmail.com","2023-09-05 07:59:18","2023-09-05 07:59:18",""),
("14","4965","ZAID ASSYA YUDAH","XII PPLG","12","1","jalan Tegal Duku Selatan, GG. Srikaya II, nomor 1, Denpasar Barat","085738910245","renin@gmail.com","2023-09-05 08:03:01","2023-09-05 08:03:01",""),
("15","4952","FIBRI WILIANA PUTRI","XII PPLG","12","1","perumahan kuwum jln graha asri 1 no 19 marga tabanan","081339682031","fodo040201@gmail.com","2023-09-05 08:04:03","2023-09-05 08:04:03",""),
("16","4951","BEZALIEL CAHYA YEHUDA","XII PPLG","12","1","jalan Gunung Andakasa Gang Matahari 1 A","085738055323","brutuzjoss@gmail.com","2023-09-05 09:05:14","2023-09-05 09:05:14",""),
("17","4957","MAGDALENA FEBIAYU KANTUR","XII PPLG","12","1","abianbase","081246401384","entin@gmail.com","2023-09-05 09:37:13","2023-09-05 09:37:13",""),
("18","4960","NI KADEK NINA ANTARI","XII PPLG","12","1","jln Cempaka Kapal ","08985337373","nina@gmail.com","2023-09-05 10:41:35","2023-09-05 10:41:35",""),
("19","4967","FERREL FEIVEL ","XII PPLG","12","1","Gg. Pura demak 2 no 25","081239182412","fuu.kze.01@gmail.com","2023-09-05 11:40:06","2023-09-05 11:40:06",""),
("20","4953","GEDE ANDI PERAYOGA","XII PPLG","12","1","Jln Raya Anyar Kaja no 16","087860635630","gedeperayoga@gmail.com","2023-09-05 11:45:07","2023-09-05 11:45:07",""),
("21","4950","Aline Syahfitri","XII PPLG","12","1","Jln. Tunjung 1 no.7","081805594344","jeonaline6@gmail.com","2023-09-05 11:55:08","2023-09-05 11:55:08",""),
("22","4955","I PUTU ARYA ADY SUSENA","XII PPLG","12","1","Jln Padma Utara No 524. link Legian Kaja","089661718111","senaputu2@gmail.com","2023-09-05 11:57:46","2023-09-05 11:57:46",""),
("23","4959","NI KADEK DWI SWANDEWI","XII PPLG","12","1","Br.Kulibul Kawan,Desa Tibubeneng","087860052445","kadekdwiswandewi2005@gmail.com","2023-09-05 12:00:49","2023-09-05 12:00:49",""),
("24","4964","WILLIIAMS JACOBUS FELANUEL","XII PPLG","12","1","Pesona Dalung Permai IV no 13","081917913625","willyferrari09@gmail.com","2023-09-05 12:02:16","2023-09-05 12:02:16",""),
("25","4966","DEWA MADE MARTHA ABIMAYU","XII PPLG","12","1","tirta bayu","0987654321","asdf@gmail.com","2023-09-12 08:35:23","2023-09-12 08:35:23",""),
("26","1234","ERIK","XII PPLG","12","1","asdfgh","1234567","fg@gmail.com","2023-09-12 08:35:55","2023-09-12 08:35:55",""),
("27","1234","MAENA","XII TKC","12","0","buduk","09876549876","lkjh@gmail.com","2023-09-12 09:12:45","2023-09-12 09:12:45",""),
("28","8765","VIANI","XII TKC","12","0","denpasar","345678456","www@gmail.com","2023-09-12 09:13:29","2023-09-12 09:13:29",""),
("29","8765","NITA","XII TKC","12","0","dalung","876543234567","fff@gmail.com","2023-09-12 09:14:15","2023-09-12 09:14:15",""),
("30","4567","SUKRI","XII TKC","12","0","denpasar","987654345678","kri@gmail.com","2023-09-12 09:14:57","2023-09-12 09:14:57",""),
("31","3456","NELY","XII TKC","12","0","badung","98765434567","nel@gmail.com","2023-09-12 09:15:34","2023-09-12 09:15:34",""),
("32","3456","ARISTA","XII PH","12","0","dalung","876543456789","ar@gmail.com","2023-09-12 09:16:24","2023-09-12 09:16:24",""),
("33","7667","OKTA","XII PH","12","3","dalung","8765345678","sho@gmail.com","2023-09-12 09:17:24","2023-09-12 09:17:24",""),
("34","9876","LESTARI","XII PH","12","3","dalung","98765434567","ka@gmail.com","2023-09-12 09:18:11","2023-09-12 09:18:11",""),
("35","2343","RENDY","XII PH","12","0","untal untal","987654345","ren@gmail.com","2023-09-12 09:19:12","2023-09-12 09:19:12",""),
("36","6567","DESINTA","XII PH","12","0","bali","98765434567","de@gmail.com","2023-09-12 09:19:55","2023-09-12 09:19:55",""),
("37","2345","ALVON","XII TB","12","0","badung","123456789876","al@gmail.com","2023-09-12 09:20:42","2023-09-12 09:20:42",""),
("38","3456","GANGGA","XII TB","12","0","pererenan","35456876545","gang@gmail.com","2023-09-12 09:21:54","2023-09-12 09:21:54",""),
("39","8767","OVAN","XII TB","12","0","dalung","2345678876","ov@gmail.com","2023-09-12 09:24:16","2023-09-12 09:24:16",""),
("40","2345","JESSLYN","XII TB","12","2","denpasar","2345677687","bay@gmail.com","2023-09-12 09:25:50","2023-09-12 09:25:50",""),
("41","5456","GIDEON","XII TB","12","0","bali","345678984567","gi@gmail.com","2023-09-12 09:27:58","2023-09-12 09:27:58","");

CREATE TABLE `tagihan` (
  `id_tagihan` int(10) NOT NULL AUTO_INCREMENT,
  `id_biaya` int(10) NOT NULL,
  `id_siswa` int(10) NOT NULL,
  `kelas` varchar(50) NOT NULL,
  `keterangan` varchar(200) NOT NULL,
  `potongan` int(20) NOT NULL DEFAULT 0,
  `total_terbayar` int(20) NOT NULL DEFAULT 0,
  `dibuat_pada` datetime NOT NULL DEFAULT current_timestamp(),
  `diubah_pada` datetime NOT NULL DEFAULT current_timestamp(),
  `dihapus_pada` datetime DEFAULT NULL,
  PRIMARY KEY (`id_tagihan`)
) ENGINE=InnoDB AUTO_INCREMENT=235 DEFAULT CHARSET=utf8mb4;

INSERT INTO tagihan VALUES
("1","5","9","XII PPLG","","0","446000","2023-10-12 11:27:12","2023-10-12 11:27:12",""),
("2","6","9","XII PPLG","","0","446000","2023-10-12 11:27:12","2023-10-12 11:27:12",""),
("3","7","9","XII PPLG","","0","108000","2023-10-12 11:27:12","2023-10-12 11:27:12",""),
("4","8","9","XII PPLG","","0","0","2023-10-12 11:27:12","2023-10-12 11:27:12",""),
("5","9","9","XII PPLG","","0","0","2023-10-12 11:27:12","2023-10-12 11:27:12",""),
("6","10","9","XII PPLG","","0","0","2023-10-12 11:27:12","2023-10-12 11:27:12",""),
("7","11","9","XII PPLG","","0","0","2023-10-12 11:27:12","2023-10-12 11:27:12",""),
("8","12","9","XII PPLG","","0","0","2023-10-12 11:27:12","2023-10-12 11:27:12",""),
("9","13","9","XII PPLG","","0","0","2023-10-12 11:27:12","2023-10-12 11:27:12",""),
("10","14","9","XII PPLG","","0","0","2023-10-12 11:27:12","2023-10-12 11:27:12",""),
("11","15","9","XII PPLG","","0","0","2023-10-12 11:27:12","2023-10-12 11:27:12",""),
("12","16","9","XII PPLG","","0","0","2023-10-12 11:27:12","2023-10-12 11:27:12",""),
("13","17","9","XII PPLG","","0","0","2023-10-12 11:27:12","2023-10-12 11:27:12",""),
("14","5","10","XII PPLG","","0","446000","2023-10-12 11:27:12","2023-10-12 11:27:12",""),
("15","6","10","XII PPLG","","0","54000","2023-10-12 11:27:12","2023-10-12 11:27:12",""),
("16","7","10","XII PPLG","","0","0","2023-10-12 11:27:12","2023-10-12 11:27:12",""),
("17","8","10","XII PPLG","","0","0","2023-10-12 11:27:12","2023-10-12 11:27:12",""),
("18","9","10","XII PPLG","","0","0","2023-10-12 11:27:12","2023-10-12 11:27:12",""),
("19","10","10","XII PPLG","","0","0","2023-10-12 11:27:12","2023-10-12 11:27:12",""),
("20","11","10","XII PPLG","","0","0","2023-10-12 11:27:12","2023-10-12 11:27:12",""),
("21","12","10","XII PPLG","","0","0","2023-10-12 11:27:12","2023-10-12 11:27:12",""),
("22","13","10","XII PPLG","","0","0","2023-10-12 11:27:12","2023-10-12 11:27:12",""),
("23","14","10","XII PPLG","","0","0","2023-10-12 11:27:12","2023-10-12 11:27:12",""),
("24","15","10","XII PPLG","","0","0","2023-10-12 11:27:12","2023-10-12 11:27:12",""),
("25","16","10","XII PPLG","","0","0","2023-10-12 11:27:12","2023-10-12 11:27:12",""),
("26","17","10","XII PPLG","","0","0","2023-10-12 11:27:12","2023-10-12 11:27:12",""),
("27","5","11","XII PPLG","","0","446000","2023-10-12 11:27:12","2023-10-12 11:27:12",""),
("28","6","11","XII PPLG","","0","446000","2023-10-12 11:27:12","2023-10-12 11:27:12",""),
("29","7","11","XII PPLG","","0","108000","2023-10-12 11:27:12","2023-10-12 11:27:12",""),
("30","8","11","XII PPLG","","0","0","2023-10-12 11:27:12","2023-10-12 11:27:12",""),
("31","9","11","XII PPLG","","0","0","2023-10-12 11:27:12","2023-10-12 11:27:12",""),
("32","10","11","XII PPLG","","0","0","2023-10-12 11:27:12","2023-10-12 11:27:12",""),
("33","11","11","XII PPLG","","0","0","2023-10-12 11:27:12","2023-10-12 11:27:12",""),
("34","12","11","XII PPLG","","0","0","2023-10-12 11:27:12","2023-10-12 11:27:12",""),
("35","13","11","XII PPLG","","0","0","2023-10-12 11:27:12","2023-10-12 11:27:12",""),
("36","14","11","XII PPLG","","0","0","2023-10-12 11:27:12","2023-10-12 11:27:12",""),
("37","15","11","XII PPLG","","0","0","2023-10-12 11:27:12","2023-10-12 11:27:12",""),
("38","16","11","XII PPLG","","0","0","2023-10-12 11:27:12","2023-10-12 11:27:12",""),
("39","17","11","XII PPLG","","0","0","2023-10-12 11:27:12","2023-10-12 11:27:12",""),
("40","5","12","XII PPLG","","0","446000","2023-10-12 11:27:12","2023-10-12 11:27:12",""),
("41","6","12","XII PPLG","","0","54000","2023-10-12 11:27:12","2023-10-12 11:27:12",""),
("42","7","12","XII PPLG","","0","0","2023-10-12 11:27:12","2023-10-12 11:27:12",""),
("43","8","12","XII PPLG","","0","0","2023-10-12 11:27:12","2023-10-12 11:27:12",""),
("44","9","12","XII PPLG","","0","0","2023-10-12 11:27:12","2023-10-12 11:27:12",""),
("45","10","12","XII PPLG","","0","0","2023-10-12 11:27:12","2023-10-12 11:27:12",""),
("46","11","12","XII PPLG","","0","0","2023-10-12 11:27:12","2023-10-12 11:27:12",""),
("47","12","12","XII PPLG","","0","0","2023-10-12 11:27:12","2023-10-12 11:27:12",""),
("48","13","12","XII PPLG","","0","0","2023-10-12 11:27:12","2023-10-12 11:27:12",""),
("49","14","12","XII PPLG","","0","0","2023-10-12 11:27:12","2023-10-12 11:27:12",""),
("50","15","12","XII PPLG","","0","0","2023-10-12 11:27:12","2023-10-12 11:27:12",""),
("51","16","12","XII PPLG","","0","0","2023-10-12 11:27:12","2023-10-12 11:27:12",""),
("52","17","12","XII PPLG","","0","0","2023-10-12 11:27:12","2023-10-12 11:27:12",""),
("53","5","13","XII PPLG","","0","446000","2023-10-12 11:27:12","2023-10-12 11:27:12",""),
("54","6","13","XII PPLG","","0","446000","2023-10-12 11:27:12","2023-10-12 11:27:12",""),
("55","7","13","XII PPLG","","0","446000","2023-10-12 11:27:12","2023-10-12 11:27:12",""),
("56","8","13","XII PPLG","","0","162000","2023-10-12 11:27:12","2023-10-12 11:27:12",""),
("57","9","13","XII PPLG","","0","0","2023-10-12 11:27:12","2023-10-12 11:27:12",""),
("58","10","13","XII PPLG","","0","0","2023-10-12 11:27:12","2023-10-12 11:27:12",""),
("59","11","13","XII PPLG","","0","0","2023-10-12 11:27:12","2023-10-12 11:27:12",""),
("60","12","13","XII PPLG","","0","0","2023-10-12 11:27:12","2023-10-12 11:27:12",""),
("61","13","13","XII PPLG","","0","0","2023-10-12 11:27:12","2023-10-12 11:27:12",""),
("62","14","13","XII PPLG","","0","0","2023-10-12 11:27:12","2023-10-12 11:27:12",""),
("63","15","13","XII PPLG","","0","0","2023-10-12 11:27:12","2023-10-12 11:27:12",""),
("64","16","13","XII PPLG","","0","0","2023-10-12 11:27:12","2023-10-12 11:27:12",""),
("65","17","13","XII PPLG","","0","0","2023-10-12 11:27:12","2023-10-12 11:27:12",""),
("66","5","14","XII PPLG","","0","446000","2023-10-12 11:27:12","2023-10-12 11:27:12",""),
("67","6","14","XII PPLG","","0","446000","2023-10-12 11:27:12","2023-10-12 11:27:12",""),
("68","7","14","XII PPLG","","0","446000","2023-10-12 11:27:12","2023-10-12 11:27:12",""),
("69","8","14","XII PPLG","","0","162000","2023-10-12 11:27:12","2023-10-12 11:27:12",""),
("70","9","14","XII PPLG","","0","0","2023-10-12 11:27:12","2023-10-12 11:27:12",""),
("71","10","14","XII PPLG","","0","0","2023-10-12 11:27:12","2023-10-12 11:27:12",""),
("72","11","14","XII PPLG","","0","0","2023-10-12 11:27:12","2023-10-12 11:27:12",""),
("73","12","14","XII PPLG","","0","0","2023-10-12 11:27:12","2023-10-12 11:27:12",""),
("74","13","14","XII PPLG","","0","0","2023-10-12 11:27:12","2023-10-12 11:27:12",""),
("75","14","14","XII PPLG","","0","0","2023-10-12 11:27:12","2023-10-12 11:27:12",""),
("76","15","14","XII PPLG","","0","0","2023-10-12 11:27:12","2023-10-12 11:27:12",""),
("77","16","14","XII PPLG","","0","0","2023-10-12 11:27:12","2023-10-12 11:27:12",""),
("78","17","14","XII PPLG","","0","0","2023-10-12 11:27:12","2023-10-12 11:27:12",""),
("79","5","15","XII PPLG","","0","446000","2023-10-12 11:27:12","2023-10-12 11:27:12",""),
("80","6","15","XII PPLG","","0","446000","2023-10-12 11:27:12","2023-10-12 11:27:12",""),
("81","7","15","XII PPLG","","0","446000","2023-10-12 11:27:12","2023-10-12 11:27:12",""),
("82","8","15","XII PPLG","","0","1608000","2023-10-12 11:27:12","2023-10-12 11:27:12",""),
("83","9","15","XII PPLG","","0","0","2023-10-12 11:27:12","2023-10-12 11:27:12",""),
("84","10","15","XII PPLG","","0","0","2023-10-12 11:27:13","2023-10-12 11:27:13",""),
("85","11","15","XII PPLG","","0","0","2023-10-12 11:27:13","2023-10-12 11:27:13",""),
("86","12","15","XII PPLG","","0","0","2023-10-12 11:27:13","2023-10-12 11:27:13",""),
("87","13","15","XII PPLG","","0","0","2023-10-12 11:27:13","2023-10-12 11:27:13",""),
("88","14","15","XII PPLG","","0","0","2023-10-12 11:27:13","2023-10-12 11:27:13",""),
("89","15","15","XII PPLG","","0","0","2023-10-12 11:27:13","2023-10-12 11:27:13",""),
("90","16","15","XII PPLG","","0","0","2023-10-12 11:27:13","2023-10-12 11:27:13",""),
("91","17","15","XII PPLG","","0","0","2023-10-12 11:27:13","2023-10-12 11:27:13",""),
("92","5","16","XII PPLG","","0","446000","2023-10-12 11:27:13","2023-10-12 11:27:13",""),
("93","6","16","XII PPLG","","0","446000","2023-10-12 11:27:13","2023-10-12 11:27:13",""),
("94","7","16","XII PPLG","","0","108000","2023-10-12 11:27:13","2023-10-12 11:27:13",""),
("95","8","16","XII PPLG","","0","0","2023-10-12 11:27:13","2023-10-12 11:27:13",""),
("96","9","16","XII PPLG","","0","0","2023-10-12 11:27:13","2023-10-12 11:27:13",""),
("97","10","16","XII PPLG","","0","0","2023-10-12 11:27:13","2023-10-12 11:27:13",""),
("98","11","16","XII PPLG","","0","0","2023-10-12 11:27:13","2023-10-12 11:27:13",""),
("99","12","16","XII PPLG","","0","0","2023-10-12 11:27:13","2023-10-12 11:27:13",""),
("100","13","16","XII PPLG","","0","0","2023-10-12 11:27:13","2023-10-12 11:27:13","");
INSERT INTO tagihan VALUES
("101","14","16","XII PPLG","","0","0","2023-10-12 11:27:13","2023-10-12 11:27:13",""),
("102","15","16","XII PPLG","","0","0","2023-10-12 11:27:13","2023-10-12 11:27:13",""),
("103","16","16","XII PPLG","","0","0","2023-10-12 11:27:13","2023-10-12 11:27:13",""),
("104","17","16","XII PPLG","","0","0","2023-10-12 11:27:13","2023-10-12 11:27:13",""),
("105","5","17","XII PPLG","","0","446000","2023-10-12 11:27:13","2023-10-12 11:27:13",""),
("106","6","17","XII PPLG","","0","446000","2023-10-12 11:27:13","2023-10-12 11:27:13",""),
("107","7","17","XII PPLG","","0","446000","2023-10-12 11:27:13","2023-10-12 11:27:13",""),
("108","8","17","XII PPLG","","0","162000","2023-10-12 11:27:13","2023-10-12 11:27:13",""),
("109","9","17","XII PPLG","","0","0","2023-10-12 11:27:13","2023-10-12 11:27:13",""),
("110","10","17","XII PPLG","","0","0","2023-10-12 11:27:13","2023-10-12 11:27:13",""),
("111","11","17","XII PPLG","","0","0","2023-10-12 11:27:13","2023-10-12 11:27:13",""),
("112","12","17","XII PPLG","","0","0","2023-10-12 11:27:13","2023-10-12 11:27:13",""),
("113","13","17","XII PPLG","","0","0","2023-10-12 11:27:13","2023-10-12 11:27:13",""),
("114","14","17","XII PPLG","","0","0","2023-10-12 11:27:13","2023-10-12 11:27:13",""),
("115","15","17","XII PPLG","","0","0","2023-10-12 11:27:13","2023-10-12 11:27:13",""),
("116","16","17","XII PPLG","","0","0","2023-10-12 11:27:13","2023-10-12 11:27:13",""),
("117","17","17","XII PPLG","","0","0","2023-10-12 11:27:13","2023-10-12 11:27:13",""),
("118","5","18","XII PPLG","","0","446000","2023-10-12 11:27:13","2023-10-12 11:27:13",""),
("119","6","18","XII PPLG","","0","446000","2023-10-12 11:27:13","2023-10-12 11:27:13",""),
("120","7","18","XII PPLG","","0","108000","2023-10-12 11:27:13","2023-10-12 11:27:13",""),
("121","8","18","XII PPLG","","0","0","2023-10-12 11:27:13","2023-10-12 11:27:13",""),
("122","9","18","XII PPLG","","0","0","2023-10-12 11:27:13","2023-10-12 11:27:13",""),
("123","10","18","XII PPLG","","0","0","2023-10-12 11:27:13","2023-10-12 11:27:13",""),
("124","11","18","XII PPLG","","0","0","2023-10-12 11:27:13","2023-10-12 11:27:13",""),
("125","12","18","XII PPLG","","0","0","2023-10-12 11:27:13","2023-10-12 11:27:13",""),
("126","13","18","XII PPLG","","0","0","2023-10-12 11:27:13","2023-10-12 11:27:13",""),
("127","14","18","XII PPLG","","0","0","2023-10-12 11:27:13","2023-10-12 11:27:13",""),
("128","15","18","XII PPLG","","0","0","2023-10-12 11:27:13","2023-10-12 11:27:13",""),
("129","16","18","XII PPLG","","0","0","2023-10-12 11:27:13","2023-10-12 11:27:13",""),
("130","17","18","XII PPLG","","0","0","2023-10-12 11:27:13","2023-10-12 11:27:13",""),
("131","5","19","XII PPLG","","0","446000","2023-10-12 11:27:13","2023-10-12 11:27:13",""),
("132","6","19","XII PPLG","","0","446000","2023-10-12 11:27:13","2023-10-12 11:27:13",""),
("133","7","19","XII PPLG","","0","446000","2023-10-12 11:27:13","2023-10-12 11:27:13",""),
("134","8","19","XII PPLG","","0","162000","2023-10-12 11:27:13","2023-10-12 11:27:13",""),
("135","9","19","XII PPLG","","0","0","2023-10-12 11:27:13","2023-10-12 11:27:13",""),
("136","10","19","XII PPLG","","0","0","2023-10-12 11:27:13","2023-10-12 11:27:13",""),
("137","11","19","XII PPLG","","0","0","2023-10-12 11:27:13","2023-10-12 11:27:13",""),
("138","12","19","XII PPLG","","0","0","2023-10-12 11:27:13","2023-10-12 11:27:13",""),
("139","13","19","XII PPLG","","0","0","2023-10-12 11:27:14","2023-10-12 11:27:14",""),
("140","14","19","XII PPLG","","0","0","2023-10-12 11:27:14","2023-10-12 11:27:14",""),
("141","15","19","XII PPLG","","0","0","2023-10-12 11:27:14","2023-10-12 11:27:14",""),
("142","16","19","XII PPLG","","0","0","2023-10-12 11:27:14","2023-10-12 11:27:14",""),
("143","17","19","XII PPLG","","0","0","2023-10-12 11:27:14","2023-10-12 11:27:14",""),
("144","5","20","XII PPLG","","0","446000","2023-10-12 11:27:14","2023-10-12 11:27:14",""),
("145","6","20","XII PPLG","","0","446000","2023-10-12 11:27:14","2023-10-12 11:27:14",""),
("146","7","20","XII PPLG","","0","108000","2023-10-12 11:27:14","2023-10-12 11:27:14",""),
("147","8","20","XII PPLG","","0","0","2023-10-12 11:27:14","2023-10-12 11:27:14",""),
("148","9","20","XII PPLG","","0","0","2023-10-12 11:27:14","2023-10-12 11:27:14",""),
("149","10","20","XII PPLG","","0","0","2023-10-12 11:27:14","2023-10-12 11:27:14",""),
("150","11","20","XII PPLG","","0","0","2023-10-12 11:27:14","2023-10-12 11:27:14",""),
("151","12","20","XII PPLG","","0","0","2023-10-12 11:27:14","2023-10-12 11:27:14",""),
("152","13","20","XII PPLG","","0","0","2023-10-12 11:27:14","2023-10-12 11:27:14",""),
("153","14","20","XII PPLG","","0","0","2023-10-12 11:27:14","2023-10-12 11:27:14",""),
("154","15","20","XII PPLG","","0","0","2023-10-12 11:27:14","2023-10-12 11:27:14",""),
("155","16","20","XII PPLG","","0","0","2023-10-12 11:27:14","2023-10-12 11:27:14",""),
("156","17","20","XII PPLG","","0","0","2023-10-12 11:27:14","2023-10-12 11:27:14",""),
("157","5","21","XII PPLG","","0","446000","2023-10-12 11:27:14","2023-10-12 11:27:14",""),
("158","6","21","XII PPLG","","0","446000","2023-10-12 11:27:14","2023-10-12 11:27:14",""),
("159","7","21","XII PPLG","","0","108000","2023-10-12 11:27:14","2023-10-12 11:27:14",""),
("160","8","21","XII PPLG","","0","0","2023-10-12 11:27:14","2023-10-12 11:27:14",""),
("161","9","21","XII PPLG","","0","0","2023-10-12 11:27:14","2023-10-12 11:27:14",""),
("162","10","21","XII PPLG","","0","0","2023-10-12 11:27:14","2023-10-12 11:27:14",""),
("163","11","21","XII PPLG","","0","0","2023-10-12 11:27:14","2023-10-12 11:27:14",""),
("164","12","21","XII PPLG","","0","0","2023-10-12 11:27:14","2023-10-12 11:27:14",""),
("165","13","21","XII PPLG","","0","0","2023-10-12 11:27:14","2023-10-12 11:27:14",""),
("166","14","21","XII PPLG","","0","0","2023-10-12 11:27:14","2023-10-12 11:27:14",""),
("167","15","21","XII PPLG","","0","0","2023-10-12 11:27:14","2023-10-12 11:27:14",""),
("168","16","21","XII PPLG","","0","0","2023-10-12 11:27:14","2023-10-12 11:27:14",""),
("169","17","21","XII PPLG","","0","0","2023-10-12 11:27:14","2023-10-12 11:27:14",""),
("170","5","22","XII PPLG","","0","446000","2023-10-12 11:27:14","2023-10-12 11:27:14",""),
("171","6","22","XII PPLG","","0","54000","2023-10-12 11:27:14","2023-10-12 11:27:14",""),
("172","7","22","XII PPLG","","0","0","2023-10-12 11:27:14","2023-10-12 11:27:14",""),
("173","8","22","XII PPLG","","0","0","2023-10-12 11:27:14","2023-10-12 11:27:14",""),
("174","9","22","XII PPLG","","0","0","2023-10-12 11:27:14","2023-10-12 11:27:14",""),
("175","10","22","XII PPLG","","0","0","2023-10-12 11:27:14","2023-10-12 11:27:14",""),
("176","11","22","XII PPLG","","0","0","2023-10-12 11:27:14","2023-10-12 11:27:14",""),
("177","12","22","XII PPLG","","0","0","2023-10-12 11:27:14","2023-10-12 11:27:14",""),
("178","13","22","XII PPLG","","0","0","2023-10-12 11:27:14","2023-10-12 11:27:14",""),
("179","14","22","XII PPLG","","0","0","2023-10-12 11:27:14","2023-10-12 11:27:14",""),
("180","15","22","XII PPLG","","0","0","2023-10-12 11:27:14","2023-10-12 11:27:14",""),
("181","16","22","XII PPLG","","0","0","2023-10-12 11:27:14","2023-10-12 11:27:14",""),
("182","17","22","XII PPLG","","0","0","2023-10-12 11:27:14","2023-10-12 11:27:14",""),
("183","5","23","XII PPLG","","0","446000","2023-10-12 11:27:14","2023-10-12 11:27:14",""),
("184","6","23","XII PPLG","","0","446000","2023-10-12 11:27:14","2023-10-12 11:27:14",""),
("185","7","23","XII PPLG","","0","108000","2023-10-12 11:27:14","2023-10-12 11:27:14",""),
("186","8","23","XII PPLG","","0","0","2023-10-12 11:27:14","2023-10-12 11:27:14",""),
("187","9","23","XII PPLG","","0","0","2023-10-12 11:27:14","2023-10-12 11:27:14",""),
("188","10","23","XII PPLG","","0","0","2023-10-12 11:27:14","2023-10-12 11:27:14",""),
("189","11","23","XII PPLG","","0","0","2023-10-12 11:27:14","2023-10-12 11:27:14",""),
("190","12","23","XII PPLG","","0","0","2023-10-12 11:27:14","2023-10-12 11:27:14",""),
("191","13","23","XII PPLG","","0","0","2023-10-12 11:27:14","2023-10-12 11:27:14",""),
("192","14","23","XII PPLG","","0","0","2023-10-12 11:27:14","2023-10-12 11:27:14",""),
("193","15","23","XII PPLG","","0","0","2023-10-12 11:27:14","2023-10-12 11:27:14",""),
("194","16","23","XII PPLG","","0","0","2023-10-12 11:27:14","2023-10-12 11:27:14",""),
("195","17","23","XII PPLG","","0","0","2023-10-12 11:27:14","2023-10-12 11:27:14",""),
("196","5","24","XII PPLG","","0","446000","2023-10-12 11:27:14","2023-10-12 11:27:14",""),
("197","6","24","XII PPLG","","0","446000","2023-10-12 11:27:14","2023-10-12 11:27:14",""),
("198","7","24","XII PPLG","","0","108000","2023-10-12 11:27:14","2023-10-12 11:27:14",""),
("199","8","24","XII PPLG","","0","0","2023-10-12 11:27:14","2023-10-12 11:27:14",""),
("200","9","24","XII PPLG","","0","0","2023-10-12 11:27:14","2023-10-12 11:27:14","");
INSERT INTO tagihan VALUES
("201","10","24","XII PPLG","","0","0","2023-10-12 11:27:14","2023-10-12 11:27:14",""),
("202","11","24","XII PPLG","","0","0","2023-10-12 11:27:14","2023-10-12 11:27:14",""),
("203","12","24","XII PPLG","","0","0","2023-10-12 11:27:14","2023-10-12 11:27:14",""),
("204","13","24","XII PPLG","","0","0","2023-10-12 11:27:14","2023-10-12 11:27:14",""),
("205","14","24","XII PPLG","","0","0","2023-10-12 11:27:14","2023-10-12 11:27:14",""),
("206","15","24","XII PPLG","","0","0","2023-10-12 11:27:14","2023-10-12 11:27:14",""),
("207","16","24","XII PPLG","","0","0","2023-10-12 11:27:14","2023-10-12 11:27:14",""),
("208","17","24","XII PPLG","","0","0","2023-10-12 11:27:14","2023-10-12 11:27:14",""),
("209","5","25","XII PPLG","","0","446000","2023-10-12 11:27:14","2023-10-12 11:27:14",""),
("210","6","25","XII PPLG","","0","446000","2023-10-12 11:27:14","2023-10-12 11:27:14",""),
("211","7","25","XII PPLG","","0","108000","2023-10-12 11:27:14","2023-10-12 11:27:14",""),
("212","8","25","XII PPLG","","0","0","2023-10-12 11:27:14","2023-10-12 11:27:14",""),
("213","9","25","XII PPLG","","0","0","2023-10-12 11:27:14","2023-10-12 11:27:14",""),
("214","10","25","XII PPLG","","0","0","2023-10-12 11:27:14","2023-10-12 11:27:14",""),
("215","11","25","XII PPLG","","0","0","2023-10-12 11:27:14","2023-10-12 11:27:14",""),
("216","12","25","XII PPLG","","0","0","2023-10-12 11:27:14","2023-10-12 11:27:14",""),
("217","13","25","XII PPLG","","0","0","2023-10-12 11:27:14","2023-10-12 11:27:14",""),
("218","14","25","XII PPLG","","0","0","2023-10-12 11:27:14","2023-10-12 11:27:14",""),
("219","15","25","XII PPLG","","0","0","2023-10-12 11:27:14","2023-10-12 11:27:14",""),
("220","16","25","XII PPLG","","0","0","2023-10-12 11:27:14","2023-10-12 11:27:14",""),
("221","17","25","XII PPLG","","0","0","2023-10-12 11:27:14","2023-10-12 11:27:14",""),
("222","5","26","XII PPLG","","0","446000","2023-10-12 11:27:14","2023-10-12 11:27:14",""),
("223","6","26","XII PPLG","","0","446000","2023-10-12 11:27:14","2023-10-12 11:27:14",""),
("224","7","26","XII PPLG","","0","108000","2023-10-12 11:27:14","2023-10-12 11:27:14",""),
("225","8","26","XII PPLG","","0","0","2023-10-12 11:27:15","2023-10-12 11:27:15",""),
("226","9","26","XII PPLG","","0","0","2023-10-12 11:27:15","2023-10-12 11:27:15",""),
("227","10","26","XII PPLG","","0","0","2023-10-12 11:27:15","2023-10-12 11:27:15",""),
("228","11","26","XII PPLG","","0","0","2023-10-12 11:27:15","2023-10-12 11:27:15",""),
("229","12","26","XII PPLG","","0","0","2023-10-12 11:27:15","2023-10-12 11:27:15",""),
("230","13","26","XII PPLG","","0","0","2023-10-12 11:27:15","2023-10-12 11:27:15",""),
("231","14","26","XII PPLG","","0","0","2023-10-12 11:27:15","2023-10-12 11:27:15",""),
("232","15","26","XII PPLG","","0","0","2023-10-12 11:27:15","2023-10-12 11:27:15",""),
("233","16","26","XII PPLG","","0","0","2023-10-12 11:27:15","2023-10-12 11:27:15",""),
("234","17","26","XII PPLG","","0","0","2023-10-12 11:27:15","2023-10-12 11:27:15","");

CREATE TABLE `user` (
  `id_user` int(11) NOT NULL AUTO_INCREMENT,
  `nama` varchar(200) NOT NULL,
  `username` varchar(200) NOT NULL,
  `password` varchar(200) NOT NULL,
  `hak_akses` int(10) NOT NULL,
  `dibuat_pada` datetime NOT NULL DEFAULT current_timestamp(),
  `diubah_pada` datetime NOT NULL DEFAULT current_timestamp(),
  `dihapus_pada` datetime DEFAULT NULL,
  PRIMARY KEY (`id_user`)
) ENGINE=InnoDB AUTO_INCREMENT=6 DEFAULT CHARSET=utf8mb4;

INSERT INTO user VALUES
("2","nia","niaprad","nia1234","1","2023-08-24 09:26:46","2023-08-24 09:26:46",""),
("5","fiblie","fiblie","fiblie","1","2023-10-10 08:27:25","2023-10-10 08:27:25","");